comment_id,comment_text,platform,true_category,source_url,source_type,predicted_category,confidence
1,There were two more stains on it after delivery; the quality control is terrible.,Xiaohongshu,quality_complaint,https://xhslink.cn/o/6fVyUH5H0M3 ,public_manual_label,quality_complaint,0.95
2,"Some of the designs are genuinely brilliant, but can they stop cutting corners on quality? Clothes costing seven to eight hundred yuan get covered in pills after less than half a day of wear.",Xiaohongshu,quality_complaint,https://xhslink.cn/o/3eBeLeKxi2v ,public_manual_label,quality_complaint,0.9
3,The stitching is so shoddy. How is this even allowed to be sold? I suspect it’s factory reject stock.,Xiaohongshu,quality_complaint,https://xhslink.cn/o/1F6vPrZM0ZJ ,public_manual_label,quality_complaint,0.9
4,"Finally scored these legendary Zara pants! It’s size S, but I’m still so happy!",Xiaohongshu,other,https://xhslink.cn/o/4PxUEmNdrkj ,public_manual_label,other,0.95
5,"I bought over thirty pieces of clothing during Zara’s mid-year sale. When I picked up the parcel, the box was badly dented and torn. I’ve been shopping online for years, and this is the most ridiculous experience I’ve ever had!",Xiaohongshu,logistics_complaint,https://xhslink.cn/o/5lKuYN7IovL ,public_manual_label,logistics_complaint,0.95
6,"Zara, your shipping location is only one kilometre away from me. Why send it on such a long detour and still charge me 10 yuan for delivery?",Xiaohongshu,logistics_complaint,https://xhslink.cn/o/5MAGGxnu0M0 ,public_manual_label,logistics_complaint,0.9
7,"Over 2000 yuan for this garment, and this is the shoddy packaging I get. It came in a huge box shipped via Yuantong Express with zero reinforcement. Not even extra tape was applied. By the time it reached the parcel locker station, the box was wide open. The clothing had no outer wrapping, so dust and bugs could easily get inside.",Xiaohongshu,logistics_complaint,https://xhslink.cn/o/2XVrRBuc1vQ ,public_manual_label,logistics_complaint,0.95
8,"Avoid Zara. Think twice before placing orders on their app. I ordered seven items on the 20th. As of today, the logistics status is still stuck on the 24th. I reached out about the shipment and only got a generic reply saying someone would contact me. No one has followed up after days of waiting. Now I want to cancel my order, but there’s no option for cancellation on the app — only returns.",Xiaohongshu,logistics_complaint,https://xhslink.cn/o/7mrz2Jhxish ,public_manual_label,logistics_complaint,0.9
9,ZARA sale season big unboxing! Mid-August marks the final month of Zara’s sale.,TikTok,other,https://v.douyin.com/gp_e-_RXBoY/ :4pm X@Z.ZM kCu:/ 10/15 ,public_manual_label,other,0.9
10,"Uniqlo beats Zara by a mile. The Uniqlo flared skirt has a fantastic cut, feels soft against the skin, and costs 249 yuan. The Zara one is priced at 259 yuan, yet it’s scratchy enough to drive you crazy when worn.",Xiaohongshu,competitor_comparison,https://xhslink.cn/o/7ztIu6s6nMV ,public_manual_label,competitor_comparison,0.95
11,"Please, don’t buy Zara jeans. Levi’s, Hollister and CK are all really comfortable. UR’s are passable too. But! Zara and Chuu pants feel soft when you first buy them. Once you wash them once, they turn rock-hard and incredibly uncomfortable.",Xiaohongshu,competitor_comparison,https://xhslink.cn/o/mtpiANrLuq ,public_manual_label,quality_complaint,0.95
12,"Oh my god, Zara’s prices are officially out of my league. I got recommended their new collection. They look stunning, but ¥1399 for one dress. So pretty, yet so expensive.",Xiaohongshu,price_sensitive,https://xhslink.cn/o/ncTbNYgXF1 ,public_manual_label,price_sensitive,0.95
13,"ZARA jeans cost this much now??? With consumption downgrade and so many stores shut, they’re selling ¥1000 jeans? Total absurdity",Xiaohongshu,price_sensitive,https://xhslink.cn/o/5cClPJ7uemw ,public_manual_label,price_sensitive,0.95
14,"Tremble, luxury brands! Zara has designed wide-leg jeans that give you the perfect booty shape.",Xiaohongshu,other,https://xhslink.cn/o/1eT2ikAs1sJ ,public_manual_label,other,0.9
15,Your seeing is all over the place! I like like I have wings in the blazer and as for the faux fur jacket could be mistaken on for big bird from the muppets,Instagram,other,https://www.instagram.com/reel/DTOT3rXDgqi/?stkn=d2Z4MWZqNG81cXVy,public_manual_label,quality_complaint,0.85
16,"I wish I felt sad. I was shocked at first, but at this point I’m not. We, as consumers, still look for good quality. Part of that is solid construction and good sewing. Zara is exactly what you should avoid: sloppy, uneven stitches.",Instagram,quality_complaint,https://www.instagram.com/reel/DdBrGois2cU/?stkn=MXI0bjJlMjBzMHpoag==,public_manual_label,quality_complaint,0.95
17,"Most people don't realize that when they buy a cute new top from Zara, they're basically buying a plastic bag in disguise. Over 60% of Zara's clothing is made from synthetic fibers like polyester, nylon, and acrylic —all derived from crude oil, the same stuff used to make plastic bags and bottles.",Instagram,other,https://www.instagram.com/reel/DMIGfHroIee/?stkn=MWhzNmI2cjdtdWpxYQ==,public_manual_label,quality_complaint,0.85
18,"Zara, haven’t seen you in years! How come all your prices have tripled?",TikTok,price_sensitive,https://v.douyin.com/pdgcjjsPNho/ :7pm 08/14 A@T.Lw mqr:/ ,public_manual_label,price_sensitive,0.95
19,I love Zara but during sale just avoid the quality of  the clothes is too bad during sale,Instagram,quality_complaint,https://www.instagram.com/reel/DatML2ftLn6/?stkn=MXExM2Q2dnBodnQwNQ==,public_manual_label,quality_complaint,0.85
20,"Steer clear of Zara. Hundreds of yuan for clothes, and this is the quality I get.",TikTok,quality_complaint,https://v.douyin.com/TEhpB4KbEgI/,public_manual_label,quality_complaint,0.9
21,Uniqlo = good quality? Zara = bad quality?,TikTok,competitor_comparison,https://v.douyin.com/HREIFGuxsag/,public_manual_label,competitor_comparison,0.9
22,How shoddy is Zara’s clothing quality? It turned out like this just after washing.,TikTok,quality_complaint,https://v.douyin.com/dEMsH-vZcbY/ BGi:/ 06/06 :8pm y@t.eO ,public_manual_label,quality_complaint,0.95
23,Steer clear of Zara! The quality is so poor. My brand-new bag already looks like this.,TikTok,quality_complaint,https://v.douyin.com/FSZJTvoUNeI/ NJv:/ i@P.xf 05/23 :6pm ,public_manual_label,quality_complaint,0.95
24,"Uniqlo for petite people, Zara for tall people.",TikTok,competitor_comparison,https://v.douyin.com/fr2gvZasSDM/ 11/20 zgo:/ m@D.Ul :5pm ,public_manual_label,competitor_comparison,0.95
25,Does Zara send out this terrible packaging to customers these days?,TikTok,logistics_complaint,https://v.douyin.com/th6ec93DVas/ yte:/ 03/26 :2pm m@Q.kp ,public_manual_label,logistics_complaint,0.85
26,"I ordered a ¥2500 Zara garment online. It arrived with no separate wrapping, stuffed inside a damaged cardboard box. The outermost piece of clothing also had scuffs.",TikTok,logistics_complaint,https://v.douyin.com/bGEW-0-2PSw/ x@s.Rx rEh:/ :3pm 06/30 ,public_manual_label,quality_complaint,0.8
27,"Zara, what on earth are you doing? This beat-up faux-leather shoe jumped tenfold in price from kids’ size to adult size.",TikTok,price_sensitive,https://v.douyin.com/lZpYdCBObgA/ :9pm x@s.rE 02/11 FUY:/ ,public_manual_label,price_sensitive,0.9
28,Zara when I have money？,Instagram,price_sensitive,https://www.instagram.com/reel/DblebfwBvsG/?stkn=NzJoa2JvaWg3c2Ro,public_manual_label,other,0.7
29,Things that are way too expensive for what they are Zara,Instagram,price_sensitive,https://www.instagram.com/reel/DdT-uM2sggv/?stkn=dHF4enFoazF1aGpr,public_manual_label,price_sensitive,0.95
30,Zara or HM？,Instagram,competitor_comparison,https://www.instagram.com/reel/DT0VVZbEfqr/?stkn=MXNiZmc5MWdjYmtwZQ==,public_manual_label,competitor_comparison,0.95
